category,rank,sku,brand,description,price,image_url,captured_at
Football Jig,1,4139649,VMC,VMC Weedless Football Jig - Pumpkin Brown Black - 1/2 oz.,4.49,https://assets.basspro.com/image/list/fn_select:jq:first(.%5B%5D%7Cselect(.public_id%20%7C%20endswith(%22main%22)))/4139649.json,2026-08-19T01:09:50
Football Jig,2,4139648,VMC,VMC Weedless Football Jig - Green Pumpkin Orange - 1/2 oz.,4.49,https://assets.basspro.com/image/list/fn_select:jq:first(.%5B%5D%7Cselect(.public_id%20%7C%20endswith(%22main%22)))/4139648.json,2026-08-19T01:09:50
Suspending Jerkbait,1,4294036,XPS,"Bass Pro Shops XPS Staredown Suspending Jerkbait - Chartreuse Ice - 3-7/8"" - Max Diving Depth 7'",9.99,https://assets.basspro.com/image/list/fn_select:jq:first(.%5B%5D%7Cselect(.public_id%20%7C%20endswith(%22main%22)))/4294036.json,2026-08-19T01:09:50
Suspending Jerkbait,2,4294041,XPS,"Bass Pro Shops XPS Staredown Suspending Jerkbait - Coldwater Shad - 4-1/3"" - Max Diving Depth 7'",9.99,https://assets.basspro.com/image/list/fn_select:jq:first(.%5B%5D%7Cselect(.public_id%20%7C%20endswith(%22main%22)))/4294041.json,2026-08-19T01:09:50
Blade Bait,1,4261489,SteelShad,SteelShad Original Series Blade Bait,11.99,https://assets.basspro.com/image/list/fn_select:jq:first(.%5B%5D%7Cselect(.public_id%20%7C%20endswith(%22main%22)))/4261489.json,2026-08-19T01:09:50
Blade Bait,2,4261488,SteelShad,SteelShad Mini Series Blade Bait,13.99,https://assets.basspro.com/image/list/fn_select:jq:first(.%5B%5D%7Cselect(.public_id%20%7C%20endswith(%22main%22)))/4261488.json,2026-08-19T01:09:50
Lipless Crankbait,1,3227729,Rapala,"Rapala Rippin' Rap Rattling Lipless Crankbait - 2-1/2"" - Moldy Fruit",8.19,https://assets.basspro.com/image/list/fn_select:jq:first(.%5B%5D%7Cselect(.public_id%20%7C%20endswith(%22main%22)))/3227729.json,2026-08-19T01:09:50
Lipless Crankbait,2,3227730,Rapala,"Rapala Rippin' Rap Rattling Lipless Crankbait - 2-1/2"" - Voodoo Haze",8.19,https://assets.basspro.com/image/list/fn_select:jq:first(.%5B%5D%7Cselect(.public_id%20%7C%20endswith(%22main%22)))/3227730.json,2026-08-19T01:09:50
Chatterbait (Bladed Jig),1,4498552,Z-Man,Z-Man ChatterBait MicroMax Bladed Jig - Spot Remover - 3/16 oz.,7.99,https://assets.basspro.com/image/list/fn_select:jq:first(.%5B%5D%7Cselect(.public_id%20%7C%20endswith(%22main%22)))/4498552.json,2026-08-19T01:09:50
Chatterbait (Bladed Jig),2,4498553,Z-Man,Z-Man ChatterBait MicroMax Bladed Jig - Fire Craw - 3/16 oz.,7.99,https://assets.basspro.com/image/list/fn_select:jq:first(.%5B%5D%7Cselect(.public_id%20%7C%20endswith(%22main%22)))/4498553.json,2026-08-19T01:09:50
Squarebill Crankbait,1,2778169,BOOYAH,"BOOYAH XCS Squarebill Crankbait - 2-5/16"" - Tennessee Special",6.99,https://assets.basspro.com/image/list/fn_select:jq:first(.%5B%5D%7Cselect(.public_id%20%7C%20endswith(%22main%22)))/2778169.json,2026-08-19T01:09:50
Squarebill Crankbait,2,2778168,BOOYAH,"BOOYAH XCS Squarebill Crankbait - 2-5/16"" - Citrus Shad",6.99,https://assets.basspro.com/image/list/fn_select:jq:first(.%5B%5D%7Cselect(.public_id%20%7C%20endswith(%22main%22)))/2778168.json,2026-08-19T01:09:50
Medium-Diving Crankbait,1,1007408,Storm,"STORM ThunderCraw Crankbait - 2-3/4"" - Phantom Brown Crayfish",7.99,https://assets.basspro.com/image/list/fn_select:jq:first(.%5B%5D%7Cselect(.public_id%20%7C%20endswith(%22main%22)))/1007408.json,2026-08-19T01:09:50
Medium-Diving Crankbait,2,1007407,Storm,"STORM ThunderCraw Crankbait - 2-3/4"" - Brown Crayfish",7.99,https://assets.basspro.com/image/list/fn_select:jq:first(.%5B%5D%7Cselect(.public_id%20%7C%20endswith(%22main%22)))/1007407.json,2026-08-19T01:09:50
Deep-Diving Crankbait,1,2774976,Strike King,"Strike King Pro Model Crankbait 8XD Series - 3-1/2"" - The Shizzle",17.99,https://assets.basspro.com/image/list/fn_select:jq:first(.%5B%5D%7Cselect(.public_id%20%7C%20endswith(%22main%22)))/2774976.json,2026-08-19T01:09:50
Deep-Diving Crankbait,2,1973843,Strike King,"Strike King Pro Model Crankbait - 10XD Series - 4"" - Sexy Shad",18.99,https://assets.basspro.com/image/list/fn_select:jq:first(.%5B%5D%7Cselect(.public_id%20%7C%20endswith(%22main%22)))/1973843.json,2026-08-19T01:09:50
Texas-Rigged Creature Bait,1,2449321,Berkley PowerBait MaxScent,"Berkley PowerBait MaxScent Creature Hawg - 4"" - Watermelon Red Magic",9.99,https://assets.basspro.com/image/list/fn_select:jq:first(.%5B%5D%7Cselect(.public_id%20%7C%20endswith(%22main%22)))/2449321.json,2026-08-19T01:09:50
Texas-Rigged Creature Bait,2,2449320,Berkley PowerBait MaxScent,"Berkley PowerBait MaxScent Creature Hawg - 4"" - South African Special",9.99,https://assets.basspro.com/image/list/fn_select:jq:first(.%5B%5D%7Cselect(.public_id%20%7C%20endswith(%22main%22)))/2449320.json,2026-08-19T01:09:50
Texas-Rigged Worm,1,626292,Gambler,"Gambler Ribbon Tail Worm - 10"" - Red Shad Green Flake",5.99,https://assets.basspro.com/image/list/fn_select:jq:first(.%5B%5D%7Cselect(.public_id%20%7C%20endswith(%22main%22)))/626292.json,2026-08-19T01:09:50
Texas-Rigged Worm,2,626278,Gambler,"Gambler Ribbon Tail Worm - 10"" - Junebug",5.99,https://assets.basspro.com/image/list/fn_select:jq:first(.%5B%5D%7Cselect(.public_id%20%7C%20endswith(%22main%22)))/626278.json,2026-08-19T01:09:50
Wacky-Rigged Senko,1,4111580,Yamamoto Baits,"Yamamoto Baits Fat Senko - Watermelon/Copper, Orange, Red - 4""",7.99,https://assets.basspro.com/image/list/fn_select:jq:first(.%5B%5D%7Cselect(.public_id%20%7C%20endswith(%22main%22)))/4111580.json,2026-08-19T01:09:50
Wacky-Rigged Senko,2,4111577,Yamamoto Baits,"Yamamoto Baits Fat Senko - Black/Blue Flake - 4""",7.99,https://assets.basspro.com/image/list/fn_select:jq:first(.%5B%5D%7Cselect(.public_id%20%7C%20endswith(%22main%22)))/4111577.json,2026-08-19T01:09:50
Weightless Soft Plastic (Fluke-style),1,4523092,Zoom,"Zoom Winged Fluke - Biwako Wagasaki - 6-1/2""",7.99,https://assets.basspro.com/image/list/fn_select:jq:first(.%5B%5D%7Cselect(.public_id%20%7C%20endswith(%22main%22)))/4523092.json,2026-08-19T01:09:50
Weightless Soft Plastic (Fluke-style),2,4523091,Zoom,"Zoom Winged Fluke - Silver Shad - 6-1/2""",7.99,https://assets.basspro.com/image/list/fn_select:jq:first(.%5B%5D%7Cselect(.public_id%20%7C%20endswith(%22main%22)))/4523091.json,2026-08-19T01:09:50
Spinnerbait,1,2922221,BOOYAH,BOOYAH Pikee Spinnerbait - 1/2 oz. - Red Craw,8.49,https://assets.basspro.com/image/list/fn_select:jq:first(.%5B%5D%7Cselect(.public_id%20%7C%20endswith(%22main%22)))/2922221.json,2026-08-19T01:09:50
Spinnerbait,2,1635342,BOOYAH,BOOYAH Pikee Spinnerbait - 1/2 oz. - Perch,8.49,https://assets.basspro.com/image/list/fn_select:jq:first(.%5B%5D%7Cselect(.public_id%20%7C%20endswith(%22main%22)))/1635342.json,2026-08-19T01:09:50
Swim Jig,1,3233447,Berkley,Berkley F19 Swim Jig - 3/8 oz. - White,5.49,https://assets.basspro.com/image/list/fn_select:jq:first(.%5B%5D%7Cselect(.public_id%20%7C%20endswith(%22main%22)))/3233447.json,2026-08-19T01:09:50
Swim Jig,2,3233452,Berkley,Berkley F19 Swim Jig - 1/2 oz. - White,5.49,https://assets.basspro.com/image/list/fn_select:jq:first(.%5B%5D%7Cselect(.public_id%20%7C%20endswith(%22main%22)))/3233452.json,2026-08-19T01:09:50
Carolina-Rigged Worm,1,2046207,Gambler,"Gambler Ribbon Tail Worm - 7"" - Watermelon/Red Flake",5.99,https://assets.basspro.com/image/list/fn_select:jq:first(.%5B%5D%7Cselect(.public_id%20%7C%20endswith(%22main%22)))/2046207.json,2026-08-19T01:09:50
Carolina-Rigged Worm,2,2046206,Gambler,"Gambler Ribbon Tail Worm - 10"" - Watermelon/Red Flake",5.99,https://assets.basspro.com/image/list/fn_select:jq:first(.%5B%5D%7Cselect(.public_id%20%7C%20endswith(%22main%22)))/2046206.json,2026-08-19T01:09:50
Buzzbait,1,2588616,BOOYAH,Booyah Squelcher Buzzbait - 1/2 oz. - Silver White,9.99,https://assets.basspro.com/image/list/fn_select:jq:first(.%5B%5D%7Cselect(.public_id%20%7C%20endswith(%22main%22)))/2588616.json,2026-08-19T01:09:50
Buzzbait,2,2588622,BOOYAH,Booyah Squelcher Buzzbait - 3/8 oz. - Silver White,9.99,https://assets.basspro.com/image/list/fn_select:jq:first(.%5B%5D%7Cselect(.public_id%20%7C%20endswith(%22main%22)))/2588622.json,2026-08-19T01:09:50
Walking Topwater (Spook-style),1,2388307,Livingston Lures,"Livingston Lures Walking Boss II Magnum Topwater - 8"" - Matte Tiger",31.99,https://assets.basspro.com/image/list/fn_select:jq:first(.%5B%5D%7Cselect(.public_id%20%7C%20endswith(%22main%22)))/2388307.json,2026-08-19T01:09:50
Walking Topwater (Spook-style),2,2388310,Livingston Lures,"Livingston Lures Walking Boss II Magnum Topwater - 8"" - Black Perch",31.99,https://assets.basspro.com/image/list/fn_select:jq:first(.%5B%5D%7Cselect(.public_id%20%7C%20endswith(%22main%22)))/2388310.json,2026-08-19T01:09:50
Popper,1,942308,Rebel,Rebel CrickHopper Popper - Firetiger,6.99,https://assets.basspro.com/image/list/fn_select:jq:first(.%5B%5D%7Cselect(.public_id%20%7C%20endswith(%22main%22)))/942308.json,2026-08-19T01:09:50
Popper,2,10021806,Arbogast,"Arbogast Hula Popper - 2"" - Yellow",7.99,https://assets.basspro.com/image/list/fn_select:jq:first(.%5B%5D%7Cselect(.public_id%20%7C%20endswith(%22main%22)))/10021806.json,2026-08-19T01:09:50
Hollow-Body Frog,1,4532645,LIVETARGET,"LIVETARGET Hollow-Body Frog - Black/Black - 2""",11.99,https://assets.basspro.com/image/list/fn_select:jq:first(.%5B%5D%7Cselect(.public_id%20%7C%20endswith(%22main%22)))/4532645.json,2026-08-19T01:09:50
Hollow-Body Frog,2,4532650,LIVETARGET,"LIVETARGET Hollow-Body Frog - Emerald/Brown - 2-1/2""",11.99,https://assets.basspro.com/image/list/fn_select:jq:first(.%5B%5D%7Cselect(.public_id%20%7C%20endswith(%22main%22)))/4532650.json,2026-08-19T01:09:50
Finesse Worm / Shaky Head,1,389934,Zoom,Zoom Finesse Worm - June Bug,5.49,https://assets.basspro.com/image/list/fn_select:jq:first(.%5B%5D%7Cselect(.public_id%20%7C%20endswith(%22main%22)))/389934.json,2026-08-19T01:09:50
Finesse Worm / Shaky Head,2,389944,Zoom,Zoom Finesse Worm - Green Pumpkin,5.49,https://assets.basspro.com/image/list/fn_select:jq:first(.%5B%5D%7Cselect(.public_id%20%7C%20endswith(%22main%22)))/389944.json,2026-08-19T01:09:50
