item_id,added_at,updated_at,brand,description,sku,price,quantity,image_url,image_filename,source
66c6951f,2026-08-03T21:49:26.401128,2026-08-03T21:49:26.401128,Strike King,"KVD Perfect Plastics Blade Minnow - KVD Magic, 4-1/2"", 8-pack",2146676,6.99,1,https://assets.basspro.com/image/list/fn_select:jq:first(.%5B%5D%7Cselect(.public_id%20%7C%20endswith(%22main%22)))/2146676.json?$BPSSite_orderhistory$,,Cabela's order #W283763341
43b19b78,2026-08-03T21:49:26.401128,2026-08-03T21:49:26.401128,Strike King,"KVD Perfect Plastics Blade Minnow - Bluegill, 4-1/2"", 8-pack",2146684,6.99,1,https://assets.basspro.com/image/list/fn_select:jq:first(.%5B%5D%7Cselect(.public_id%20%7C%20endswith(%22main%22)))/2146684.json?$BPSSite_orderhistory$,,Cabela's order #W283763341
de225ccd,2026-08-03T21:49:26.401128,2026-08-03T21:49:26.401128,Strike King,"Thunder Cricket Swimjig - Chartreuse/White, 1/2 oz.",2585737,13.99,1,https://assets.basspro.com/image/list/fn_select:jq:first(.%5B%5D%7Cselect(.public_id%20%7C%20endswith(%22main%22)))/2585737.json?$BPSSite_orderhistory$,,Cabela's order #W283763341
e06fa700,2026-08-03T21:49:26.401128,2026-08-03T21:49:26.401128,Strike King,"Tour Grade Tungsten Compact Swim Jig - Bluegill, 3/8 oz.",4085380,7.99,1,https://assets.basspro.com/image/list/fn_select:jq:first(.%5B%5D%7Cselect(.public_id%20%7C%20endswith(%22main%22)))/4085380.json?$BPSSite_orderhistory$,,Cabela's order #W283763341
452d901a,2026-08-03T21:49:26.401128,2026-08-03T21:49:26.401128,Megabass,"Vision ONETEN +1 Jr. - HT ITO Tennessee Shad, 3-7/8"", 3/8 oz.",4405280,23.99,1,https://assets.basspro.com/image/list/fn_select:jq:first(.%5B%5D%7Cselect(.public_id%20%7C%20endswith(%22main%22)))/4405280.json?$BPSSite_orderhistory$,,Cabela's order #W283763341
60b23178,2026-08-03T21:49:26.401128,2026-08-03T21:49:26.401128,Strike King,"3XD Series Pro-Model Crankbait - Tennessee Shad 2.0, 2"", 7/16 oz.",2774969,8.99,1,https://assets.basspro.com/image/list/fn_select:jq:first(.%5B%5D%7Cselect(.public_id%20%7C%20endswith(%22main%22)))/2774969.json?$BPSSite_orderhistory$,,Cabela's order #W283763341
1cdefdf5,2026-08-03T21:49:26.401128,2026-08-03T21:49:26.401128,Strike King,"Pro-Model XD Crankbait (5XD) - Tennessee Shad, 2-3/4"", 5/8 oz.",1784868,8.99,1,https://assets.basspro.com/image/list/fn_select:jq:first(.%5B%5D%7Cselect(.public_id%20%7C%20endswith(%22main%22)))/1784868.json?$BPSSite_orderhistory$,,Cabela's order #W283763341
c8d1c84e,2026-08-03T21:49:26.401128,2026-08-03T21:49:26.401128,Z-Man,"Finesse TRD - Coppertreuse, 2-3/4"", 8-pack",4021389,4.49,2,https://assets.basspro.com/image/list/fn_select:jq:first(.%5B%5D%7Cselect(.public_id%20%7C%20endswith(%22main%22)))/4021389.json?$BPSSite_orderhistory$,,Cabela's order #W283763341
faadc935,2026-08-03T21:49:26.401128,2026-08-03T21:49:26.401128,Strike King,"Pro-Model XD Crankbait (5XD) - Chili Craw, 2-3/4"", 5/8 oz.",2242075,8.99,1,https://assets.basspro.com/image/list/fn_select:jq:first(.%5B%5D%7Cselect(.public_id%20%7C%20endswith(%22main%22)))/2242075.json?$BPSSite_orderhistory$,,Cabela's order #W283763341
14cec4ab,2026-08-03T21:49:26.401128,2026-08-03T21:49:26.401128,Strike King,"Pro-Model XD Crankbait (5XD) - Sexy Shad, 2-3/4"", 5/8 oz.",1784879,8.99,1,https://assets.basspro.com/image/list/fn_select:jq:first(.%5B%5D%7Cselect(.public_id%20%7C%20endswith(%22main%22)))/1784879.json?$BPSSite_orderhistory$,,Cabela's order #W283763341
bf90262a,2026-08-03T21:49:26.401128,2026-08-03T21:49:26.401128,Strike King,"KVD Deep Jerkbait - Sexy Shad, 4-1/2"", 3/5 oz.",2276180,12.99,1,https://assets.basspro.com/image/list/fn_select:jq:first(.%5B%5D%7Cselect(.public_id%20%7C%20endswith(%22main%22)))/2276180.json?$BPSSite_orderhistory$,,Cabela's order #W283763341
163bb135,2026-08-03T21:49:26.401128,2026-08-03T21:49:26.401128,Zoom,"Shakey Head Worm - Green Pumpkin, 5"", 20-pack",1461945,5.49,1,https://assets.basspro.com/image/list/fn_select:jq:first(.%5B%5D%7Cselect(.public_id%20%7C%20endswith(%22main%22)))/1461945.json?$BPSSite_orderhistory$,,Cabela's order #W283763341
2c15cb43,2026-08-03T21:49:26.401128,2026-08-03T21:49:26.401128,Rapala,"CountDown Minnow - Gold, 3-1/2"", 1/4 oz.",253282,10.99,1,https://assets.basspro.com/image/list/fn_select:jq:first(.%5B%5D%7Cselect(.public_id%20%7C%20endswith(%22main%22)))/253282.json?$BPSSite_orderhistory$,,Cabela's order #W283763341
c0190aa2,2026-08-03T21:49:26.401128,2026-08-03T21:49:26.401128,Strike King,"KVD Jerkbait - Sexy Shad, 3-1/2"", 1/4 oz.",2890616,10.99,1,https://assets.basspro.com/image/list/fn_select:jq:first(.%5B%5D%7Cselect(.public_id%20%7C%20endswith(%22main%22)))/2890616.json?$BPSSite_orderhistory$,,Cabela's order #W283763341
41c06957,2026-08-03T21:49:26.401128,2026-08-03T21:49:26.401128,Strike King,"Thunder Cricket Swimjig - Fire Craw, 1/2 oz.",3243224,13.99,1,https://assets.basspro.com/image/list/fn_select:jq:first(.%5B%5D%7Cselect(.public_id%20%7C%20endswith(%22main%22)))/3243224.json?$BPSSite_orderhistory$,,Cabela's order #W283763341
d49c8b40,2026-08-03T21:49:26.401128,2026-08-03T21:49:26.401128,Strike King,"3XD Series Pro-Model Crankbait - Chili Craw, 2"", 7/16 oz.",1833102,8.99,1,https://assets.basspro.com/image/list/fn_select:jq:first(.%5B%5D%7Cselect(.public_id%20%7C%20endswith(%22main%22)))/1833102.json?$BPSSite_orderhistory$,,Cabela's order #W283763341
2ea2403f,2026-08-03T21:49:26.401128,2026-08-03T21:49:26.401128,Strike King,"Rage Tail Craw Soft Bait - Fire Craw, 4"", 7-pack",3243239,6.99,1,https://assets.basspro.com/image/list/fn_select:jq:first(.%5B%5D%7Cselect(.public_id%20%7C%20endswith(%22main%22)))/3243239.json?$BPSSite_orderhistory$,,Cabela's order #W283763341
64cabdca,2026-08-03T21:49:26.401128,2026-08-03T21:49:26.401128,Rapala,"X-Rap - Gold, 2-1/2"", 1/8 oz.",1536272,13.99,1,https://assets.basspro.com/image/list/fn_select:jq:first(.%5B%5D%7Cselect(.public_id%20%7C%20endswith(%22main%22)))/1536272.json?$BPSSite_orderhistory$,,Cabela's order #W283763341
00a812e8,2026-08-03T21:49:26.401128,2026-08-03T21:49:26.401128,Strike King,"Tour Grade Tungsten Compact Swim Jig - Golden Shiner, 3/8 oz.",4085379,7.99,1,https://assets.basspro.com/image/list/fn_select:jq:first(.%5B%5D%7Cselect(.public_id%20%7C%20endswith(%22main%22)))/4085379.json?$BPSSite_orderhistory$,,Cabela's order #W283763341
57757a78,2026-08-03T21:49:26.401128,2026-08-03T21:49:26.401128,Z-Man,"SMH Jighead - Green Pumpkin, 1/4 oz., 3-pack",3429177,6.99,2,https://assets.basspro.com/image/list/fn_select:jq:first(.%5B%5D%7Cselect(.public_id%20%7C%20endswith(%22main%22)))/3429177.json?$BPSSite_orderhistory$,,Cabela's order #W283763341
aa1119de,2026-08-07T22:01:30.263676,2026-08-07T22:01:30.263676,Strike King,"KVD Rattling Square Bill Crankbait - Sexy Shad, 7/16 oz.",1740926,8.99,1,https://assets.basspro.com/image/list/fn_select:jq:first(.%5B%5D%7Cselect(.public_id%20%7C%20endswith(%22main%22)))/1740926.json?$BPSSite_CartTN$,,Cabela's cart (2026-08-07)
027a6e35,2026-08-07T22:01:30.263676,2026-08-07T22:01:30.263676,Rapala,"DT Dives-To Series Crankbait - Bluegill, 2"", 3/8 oz., Dives to 8'",3227747,9.99,1,https://assets.basspro.com/image/list/fn_select:jq:first(.%5B%5D%7Cselect(.public_id%20%7C%20endswith(%22main%22)))/3227747.json?$BPSSite_CartTN$,,Cabela's cart (2026-08-07)
1db3803f,2026-08-07T22:01:30.263676,2026-08-07T22:01:30.263676,Strike King,"Red Eyed Shad Tungsten 2 Tap Lipless Crankbait - Gold Black Back, 2-3/8""",2242000,10.99,1,https://assets.basspro.com/image/list/fn_select:jq:first(.%5B%5D%7Cselect(.public_id%20%7C%20endswith(%22main%22)))/2242000.json?$BPSSite_CartTN$,,Cabela's cart (2026-08-07)
22dbf07b,2026-08-07T22:01:30.263676,2026-08-07T22:01:30.263676,Strike King,"KVD Rattling Square Bill Crankbait - Chartreuse Sexy Shad, 7/16 oz.",1740921,8.99,1,https://assets.basspro.com/image/list/fn_select:jq:first(.%5B%5D%7Cselect(.public_id%20%7C%20endswith(%22main%22)))/1740921.json?$BPSSite_CartTN$,,Cabela's cart (2026-08-07)
32074e3d,2026-08-07T22:01:30.263676,2026-08-07T22:01:30.263676,Bandit,200 Series Crankbaits - Brown Crawfish/Chartreuse Belly,834022,7.99,1,https://assets.basspro.com/image/list/fn_select:jq:first(.%5B%5D%7Cselect(.public_id%20%7C%20endswith(%22main%22)))/834022.json?$BPSSite_CartTN$,,Cabela's cart (2026-08-07)
424fff3c,2026-08-07T22:01:30.263676,2026-08-07T22:01:30.263676,Strike King,"Thunder Cricket Swimjig - Fire Craw, 1/2 oz.",3243224,13.99,1,https://assets.basspro.com/image/list/fn_select:jq:first(.%5B%5D%7Cselect(.public_id%20%7C%20endswith(%22main%22)))/3243224.json?$BPSSite_CartTN$,,Cabela's cart (2026-08-07)
7bb4598f,2026-08-07T22:01:30.263676,2026-08-07T22:01:30.263676,Strike King,"Pro-Model XD Crankbait (5XD) - Powder Blue Back/Chartreuse, 2-3/4""",1784871,8.99,1,https://assets.basspro.com/image/list/fn_select:jq:first(.%5B%5D%7Cselect(.public_id%20%7C%20endswith(%22main%22)))/1784871.json?$BPSSite_CartTN$,,Cabela's cart (2026-08-07)
d39998db,2026-08-07T22:01:30.263676,2026-08-07T22:01:30.263676,Strike King,"Pro-Model XD Crankbait (5XD) - Tennessee Shad, 2-3/4""",1784868,8.99,1,https://assets.basspro.com/image/list/fn_select:jq:first(.%5B%5D%7Cselect(.public_id%20%7C%20endswith(%22main%22)))/1784868.json?$BPSSite_CartTN$,,Cabela's cart (2026-08-07)
5530e136,2026-08-07T22:01:30.263676,2026-08-07T22:01:30.263676,Strike King,"Tour Grade Football Jig - Black/Blue, 1/2 oz.",1534654,5.49,2,https://assets.basspro.com/image/list/fn_select:jq:first(.%5B%5D%7Cselect(.public_id%20%7C%20endswith(%22main%22)))/1534654.json?$BPSSite_CartTN$,,Cabela's cart (2026-08-07)
8cbd9b39,2026-08-07T22:01:30.263676,2026-08-07T22:01:30.263676,Bandit,300 Series Crankbait - Crawfish Orange Belly,372276,7.99,2,https://assets.basspro.com/image/list/fn_select:jq:first(.%5B%5D%7Cselect(.public_id%20%7C%20endswith(%22main%22)))/372276.json?$BPSSite_CartTN$,,Cabela's cart (2026-08-07)
4dcb5838,2026-08-07T22:01:30.263676,2026-08-07T22:01:30.263676,BOOYAH,Mini Shad Spinnerbait - Silver/Chartreuse,1009193,7.99,1,https://assets.basspro.com/image/list/fn_select:jq:first(.%5B%5D%7Cselect(.public_id%20%7C%20endswith(%22main%22)))/1009193.json?$BPSSite_CartTN$,,Cabela's cart (2026-08-07)
066d0919,2026-08-07T22:01:30.263676,2026-08-07T22:01:30.263676,River2Sea,"S-Waver Swimbait - Party Crasher, 6-3/4""",2279806,18.99,1,https://assets.basspro.com/image/list/fn_select:jq:first(.%5B%5D%7Cselect(.public_id%20%7C%20endswith(%22main%22)))/2279806.json?$BPSSite_CartTN$,,Cabela's cart (2026-08-07)
874c021f,2026-08-07T22:01:30.263676,2026-08-07T22:01:30.263676,Strike King,"Tri-Wing Buzz King - Chartreuse, 3/16 oz.",1314099,6.99,1,https://assets.basspro.com/image/list/fn_select:jq:first(.%5B%5D%7Cselect(.public_id%20%7C%20endswith(%22main%22)))/1314099.json?$BPSSite_CartTN$,,Cabela's cart (2026-08-07)
94952aed,2026-08-07T22:22:38.926832,2026-08-07T22:22:38.926832,Googan Baits,"Krackin' Craws - Okeechobee Craw, 4""",2825406,5.99,1,https://assets.basspro.com/image/list/fn_select:jq:first(.%5B%5D%7Cselect(.public_id%20%7C%20endswith(%22main%22)))/2825406.json?$BPSSite_CartTN$,,Cabela's cart (2026-08-07)
e928c686,2026-08-07T22:22:38.926832,2026-08-07T22:22:38.926832,Z-Man,Finesse TRD - Green Pumpkin Orange,2239387,4.49,1,https://assets.basspro.com/image/list/fn_select:jq:first(.%5B%5D%7Cselect(.public_id%20%7C%20endswith(%22main%22)))/2239387.json?$BPSSite_CartTN$,,Cabela's cart (2026-08-07)
a364a100,2026-08-07T22:22:38.926832,2026-08-07T22:22:38.926832,Roboworm,"FAT Straight Worm - Margarita Mutilator, 6""",1756160,4.79,1,https://assets.basspro.com/image/list/fn_select:jq:first(.%5B%5D%7Cselect(.public_id%20%7C%20endswith(%22main%22)))/1756160.json?$BPSSite_CartTN$,,Cabela's cart (2026-08-07)
0851b6bd,2026-08-07T22:22:38.926832,2026-08-07T22:22:38.926832,Roboworm,"FAT Straight Worm - Aarons Morning Dawn, 6"", SF-H23R",1849528,4.79,1,https://assets.basspro.com/image/list/fn_select:jq:first(.%5B%5D%7Cselect(.public_id%20%7C%20endswith(%22main%22)))/1849528.json?$BPSSite_CartTN$,,Cabela's cart (2026-08-07)
2526ba12,2026-08-07T22:22:38.926832,2026-08-07T22:22:38.926832,Z-Man,Finesse TRD - Hot Craw,2774749,4.49,1,https://assets.basspro.com/image/list/fn_select:jq:first(.%5B%5D%7Cselect(.public_id%20%7C%20endswith(%22main%22)))/2774749.json?$BPSSite_CartTN$,,Cabela's cart (2026-08-07)
8462b404,2026-08-07T22:22:38.926832,2026-08-07T22:22:38.926832,Strike King,"Rage Swimmer - Blue Bug, 4-3/4""",2449421,6.99,1,https://assets.basspro.com/image/list/fn_select:jq:first(.%5B%5D%7Cselect(.public_id%20%7C%20endswith(%22main%22)))/2449421.json?$BPSSite_CartTN$,,Cabela's cart (2026-08-07)
f260a7c7,2026-08-07T22:22:38.926832,2026-08-07T22:22:38.926832,Strike King,"Rage Tail Twin Tail Menace Grub - Black Blue Flake, 3""",2449383,6.99,1,https://assets.basspro.com/image/list/fn_select:jq:first(.%5B%5D%7Cselect(.public_id%20%7C%20endswith(%22main%22)))/2449383.json?$BPSSite_CartTN$,,Cabela's cart (2026-08-07)
