ident,lat,lon,structure_type
NRL001,37.34056726,-86.12512085,Brush
NRL002,37.34033341,-86.12512655,Brush
NRL003,37.340292,-86.13350518,Brush
NRL004,37.34064404,-86.13325272,Brush
NRL005,37.34227885,-86.13208679,Brush
NRL006,37.34258713,-86.13242056,Brush
NRL007,37.34251748,-86.1323758,Brush
NRL008,37.34290263,-86.13295893,Brush
NRL009,37.3430302,-86.13313428,Brush
NRL010,37.34303573,-86.13326621,Brush
NRL011,37.34314285,-86.13329547,Brush
NRL012,37.34311259,-86.13346327,Brush
NRL013,37.34372548,-86.13452291,Brush
NRL014,37.34394433,-86.13778096,Brush
NRL015,37.34398297,-86.13828588,Brush
NRL016,37.3439388,-86.13917445,Brush
NRL017,37.34391315,-86.13935164,Brush
NRL018,37.34384316,-86.13993863,Brush
NRL019,37.34422537,-86.13971592,Brush
NRL020,37.34426108,-86.13981072,Brush
NRL021,37.34462259,-86.13965305,Brush
NRL022,37.34499785,-86.13930093,Brush
NRL023,37.34520254,-86.14102819,Brush
NRL024,37.34544578,-86.14214676,Brush
NRL025,37.34583411,-86.14220023,Brush
NRL026,37.34614257,-86.14226712,Brush
NRL027,37.34492853,-86.14463232,Brush
NRL028,37.34497237,-86.14456569,Brush
NRL029,37.34754687,-86.14435824,Brush
NRL030,37.3453089,-86.14548937,Brush
NRL031,37.34339272,-86.1515655,Brush
NRL032,37.34333974,-86.15179491,Brush
NRL033,37.34342423,-86.15270033,Brush
NRL034,37.34347955,-86.15345503,Brush
NRL035,37.34775801,-86.15604487,Brush
NRL036,37.34911554,-86.15728556,Brush
NRL037,37.34791023,-86.15786257,Brush
NRL038,37.35033453,-86.16266532,Brush
NRL039,37.35030225,-86.16281041,Brush
NRL040,37.35012942,-86.16302365,Brush
NRL041,37.3500016,-86.16329337,Brush
NRL042,37.34965475,-86.16389084,Brush
NRL043,37.34978383,-86.16394892,Brush
NRL044,37.35042891,-86.16700094,Brush
NRL045,37.34989464,-86.16699885,Brush
NRL046,37.34991945,-86.16638755,Brush
NRL047,37.34942148,-86.16609276,Brush
NRL048,37.34913072,-86.16721652,Brush
NRL049,37.34854432,-86.16787836,Brush
NRL050,37.34815791,-86.16778951,Brush
NRL051,37.34762533,-86.16810358,Brush
NRL052,37.33241636,-86.15354757,Brush
NRL053,37.33243623,-86.15264635,Brush
NRL054,37.33243681,-86.15264735,Brush
NRL055,37.3342038,-86.15072387,Brush
NRL056,37.33405544,-86.15017788,Brush
NRL057,37.3338029,-86.1497556,Brush
NRL058,37.33144297,-86.14839085,Brush
NRL059,37.33139528,-86.14826077,Brush
NRL060,37.33245769,-86.14504061,Brush
NRL061,37.3326866,-86.14419119,Brush
NRL062,37.33225836,-86.14231632,Brush
NRL063,37.33214789,-86.1416663,Brush
NRL064,37.33182276,-86.14083541,Brush
NRL065,37.33181161,-86.14057406,Brush
NRL066,37.33120669,-86.14085779,Brush
NRL067,37.33076303,-86.13910287,Brush
NRL068,37.33111256,-86.13844145,Brush
NRL069,37.3310647,-86.13812788,Brush
NRL070,37.33096294,-86.13772329,Brush
NRL071,37.33089555,-86.1374342,Brush
NRL072,37.33077133,-86.13670983,Brush
NRL073,37.3307202,-86.13640255,Brush
NRL074,37.32990238,-86.13527066,Brush
NRL075,37.33050051,-86.13488157,Brush
NRL076,37.3299686,-86.13411714,Brush
NRL077,37.32706242,-86.13347718,Brush
NRL078,37.32701875,-86.13347056,Brush
NRL079,37.32691582,-86.13349177,Brush
NRL080,37.32676621,-86.1335336,Brush
NRL081,37.3266849,-86.13152479,Brush
NRL082,37.32659522,-86.13095758,Brush
NRL083,37.3444532,-86.12291515,Brush
NRL084,37.33793015,-86.12370774,Brush
NRL085,37.3393689,-86.11892863,Brush
NRL086,37.33936412,-86.11910817,Brush
NRL087,37.34042292,-86.11940095,Brush
NRL088,37.34101729,-86.11855254,Brush
NRL089,37.34314109,-86.11721948,Brush
NRL090,37.34364375,-86.11690675,Brush
NRL091,37.32531672,-86.14444926,Christmas Trees
NRL092,37.32553977,-86.14429881,Christmas Trees
NRL093,37.3253583,-86.14417451,Christmas Trees
NRL094,37.32516166,-86.1443947,Christmas Trees
NRL095,37.32506233,-86.14456116,Christmas Trees
NRL096,37.32498723,-86.14452914,Christmas Trees
NRL097,37.32493065,-86.14462973,Christmas Trees
NRL098,37.31118802,-86.13270395,Christmas Trees
NRL099,37.31114443,-86.13252877,Christmas Trees
NRL100,37.31110328,-86.13239349,Christmas Trees
NRL101,37.31160577,-86.13363686,Christmas Trees
NRL102,37.31147887,-86.13343678,Christmas Trees
NRL103,37.3113855,-86.13323998,Christmas Trees
NRL104,37.31135029,-86.13402352,Christmas Trees
NRL105,37.31170384,-86.13406652,Christmas Trees
NRL106,37.31193325,-86.13407884,Christmas Trees
NRL107,37.31211598,-86.13406836,Christmas Trees
NRL108,37.31186553,-86.133848,Christmas Trees
NRL109,37.31174039,-86.1337615,Christmas Trees
NRL110,37.36510587,-86.21944936,Christmas Trees
NRL111,37.3647224,-86.2192466,Christmas Trees
NRL112,37.36470505,-86.21941944,Christmas Trees
NRL113,37.36461025,-86.21951893,Christmas Trees
NRL114,37.36488434,-86.219704,Christmas Trees
NRL115,37.36558498,-86.22021982,Christmas Trees
NRL116,37.36570107,-86.22031605,Christmas Trees
NRL117,37.33757517,-86.1345437,Brush
NRL118,37.346937,-86.15636925,Brush
NRL119,37.34896584,-86.15336342,Christmas Trees
NRL120,37.34894958,-86.15327432,Christmas Trees
NRL121,37.34890818,-86.15325177,Christmas Trees
NRL122,37.34891614,-86.15319243,Christmas Trees
NRL123,37.34892201,-86.15314339,Christmas Trees
NRL124,37.34900147,-86.15300023,Christmas Trees
NRL125,37.34902301,-86.15293493,Christmas Trees
NRL126,37.3494152,-86.15234694,Christmas Trees
NRL127,37.34949089,-86.15232767,Christmas Trees
NRL129,37.33338959,-86.1564198,Brush
NRL130,37.33239231,-86.15245725,Brush
NRL131,37.33249255,-86.15236404,Brush
NRL132,37.33434093,-86.14980706,Brush
NRL133,37.33156191,-86.1397212,Brush
NRL134,37.33494225,-86.16465317,Christmas Trees
NRL135,37.33424638,-86.16696347,Christmas Trees
NRL136,37.33372553,-86.17209571,Brush
NRL137,37.33354163,-86.17451968,Brush
NRL138,37.33430145,-86.17547069,Brush
NRL139,37.33522422,-86.17566364,Brush
NRL140,37.34021313,-86.19254286,Brush
NRL141,37.34084319,-86.19277923,Christmas Trees
NRL142,37.32527381,-86.21275892,Christmas Trees
NRL143,37.30976293,-86.23235087,Brush
NRL144,37.30198653,-86.21614295,Brush
NRL145,37.29995711,-86.21679288,Brush
NRL146,37.29828911,-86.21474158,Brush
NRL147,37.297853,-86.21521818,Brush
NRL148,37.29736056,-86.21566032,Brush
NRL149,37.33206918,-86.16835906,Christmas Trees
NRL150,37.33155445,-86.16435335,Brush
NRL151,37.33266011,-86.16343671,Christmas Trees
NRL152,37.3328979,-86.16312523,Christmas Trees
NRL153,37.33306982,-86.1630886,Brush
NRL154,37.31958082,-86.13395051,Pallet Stack
NRL155,37.31958719,-86.13383635,Pallet Stack
NRL156,37.3196172,-86.1338221,Pallet Stack
NRL157,37.31962927,-86.13382428,Pallet Stack
NRL158,37.31964394,-86.13381816,Pallet Stack
NRL159,37.31967771,-86.13385965,Pallet Stack
NRL160,37.31971309,-86.13380307,Pallet Stack
NRL161,37.32016873,-86.13343259,Pallet Stack
NRL162,37.32018197,-86.13343611,Pallet Stack
NRL163,37.32018784,-86.13342547,Pallet Stack
NRL164,37.32022136,-86.13340728,Pallet Stack
NRL165,37.32024014,-86.13344282,Brush
NRL166,37.3202761,-86.13343217,Brush
NRL167,37.32027384,-86.1333989,Pallet Stack
NRL168,37.32030158,-86.13342782,Brush
NRL169,37.32032999,-86.13336143,Christmas Trees
NRL170,37.32032849,-86.13333218,Christmas Trees
NRL171,37.32030963,-86.13333168,Christmas Trees
NRL172,37.32030518,-86.13336219,Christmas Trees
NRL173,37.32029429,-86.13334157,Christmas Trees
NRL174,37.32027601,-86.1333253,Christmas Trees
NRL175,37.32026076,-86.13333201,Christmas Trees
NRL176,37.32023989,-86.13333645,Christmas Trees
NRL177,37.32239672,-86.13026122,Pallet Stack
NRL178,37.32236663,-86.13001864,Pallet Stack
NRL179,37.32242949,-86.12989593,Pallet Stack
NRL180,37.32249982,-86.12972486,Pallet Stack
NRL181,37.32241751,-86.12943074,Pallet Stack
NRL182,37.32243109,-86.12925338,Pallet Stack
NRL183,37.32256142,-86.12931624,Pallet Stack
NRL184,37.32263066,-86.12946158,Pallet Stack
NRL185,37.32265086,-86.12967691,Pallet Stack
NRL186,37.32265539,-86.1298267,Pallet Stack
NRL187,37.32262722,-86.12996223,Pallet Stack
NRL188,37.32256243,-86.13015954,Pallet Stack
NRL189,37.3224942,-86.13019709,Brush
NRL190,37.3226413,-86.13010774,Brush
NRL191,37.32270802,-86.13009023,Brush
NRL192,37.32271423,-86.13001814,Brush
NRL193,37.32277323,-86.1300225,Brush
NRL194,37.322876,-86.12995494,Brush
NRL195,37.32283694,-86.13007405,Brush
NRL196,37.36827624,-86.15989493,Pallet Stack
NRL197,37.36829636,-86.15998277,Pallet Stack
NRL198,37.36835553,-86.160108,Pallet Stack
NRL199,37.36840155,-86.16016014,Pallet Stack
NRL200,37.36844413,-86.16027941,Pallet Stack
NRL201,37.36846223,-86.16036004,Pallet Stack
NRL202,37.36849308,-86.16046079,Pallet Stack
NRL203,37.36853851,-86.16053305,Pallet Stack
NRL204,37.36918861,-86.16156905,Pallet Stack
NRL205,37.3691286,-86.16150317,Pallet Stack
NRL206,37.36903355,-86.16145506,Pallet Stack
NRL207,37.36902977,-86.1615491,Pallet Stack
NRL208,37.36906154,-86.16163007,Pallet Stack
NRL209,37.36909205,-86.16170249,Pallet Stack
NRL210,37.36913228,-86.16177038,Pallet Stack
NRL211,37.36915257,-86.16183853,Pallet Stack
NRL212,37.36921091,-86.16182939,Pallet Stack
NRL213,37.36928358,-86.1616377,Pallet Stack
NRL214,37.36936337,-86.16175873,Pallet Stack
NRL215,37.36952364,-86.16177835,Pallet Stack
NRL216,37.36963637,-86.16177843,Pallet Stack
NRL217,37.369788,-86.16176946,Pallet Stack
NRL218,37.369859,-86.16174163,Pallet Stack
NRL219,37.36991884,-86.16170836,Pallet Stack
NRL220,37.36997534,-86.16166251,Pallet Stack
NRL221,37.37003895,-86.16164834,Pallet Stack
NRL222,37.37013769,-86.16161481,Pallet Stack
NRL223,37.34154459,-86.13433449,Christmas Trees
NRL224,37.3413534,-86.13418068,Christmas Trees
NRL225,37.36350149,-86.17157796,Christmas Trees
NRL226,37.33375948,-86.1624546,Brush
NRL227,37.33362126,-86.16283908,Brush
NRL228,37.33352194,-86.16285089,Brush
NRL229,37.34719961,-86.12281281,Brush
NRL230,37.34727941,-86.12285723,Pallet Stack
NRL231,37.34737135,-86.12277878,Pallet Stack
NRL232,37.31323496,-86.23273962,Brush
NRL233,37.30860773,-86.2308873,Brush
NRL234,37.30857748,-86.23079536,Brush
NRL235,37.30860597,-86.23069301,Brush
NRL236,37.3082619,-86.23019563,Brush
NRL237,37.30811731,-86.23017526,Brush
NRL238,37.30807087,-86.22999354,Brush
NRL239,37.30805629,-86.22982079,Brush
NRL240,37.31816084,-86.21608067,Brush
NRL241,37.31788952,-86.2175947,Brush
NRL242,37.31794509,-86.21754818,Brush
NRL243,37.32201006,-86.21601613,Brush
NRL244,37.32205918,-86.21624404,Brush
NRL245,37.32232707,-86.21613189,Brush
NRL246,37.32238934,-86.21610892,Brush
NRL247,37.32242237,-86.21615401,Brush
NRL248,37.32241835,-86.21608336,Brush
NRL249,37.32250334,-86.21605586,Brush
NRL250,37.32234391,-86.2154496,Brush
NRL251,37.32801092,-86.20751244,Brush
NRL252,37.32803757,-86.20746994,Brush
NRL253,37.32503853,-86.21234955,Brush
NRL254,37.31645227,-86.21610842,Brush
NRL255,37.31511427,-86.2147596,Brush
NRL256,37.31298267,-86.22613284,Brush
NRL257,37.3133415,-86.22618464,Brush
NRL258,37.31339581,-86.2264941,Brush
NRL259,37.31340864,-86.22652151,Brush
NRL260,37.31340034,-86.22654447,Brush
NRL261,37.31348416,-86.22656677,Brush
NRL262,37.31347033,-86.22663919,Brush
NRL263,37.31355105,-86.22668495,Brush
NRL264,37.31357678,-86.22671563,Brush
NRL265,37.31347863,-86.22678864,Brush
NRL266,37.31343856,-86.22678051,Brush
NRL267,37.31343336,-86.22679065,Brush
NRL268,37.31341643,-86.22684664,Brush
NRL269,37.31343755,-86.2269194,Brush
NRL270,37.31340336,-86.22697094,Brush
NRL271,37.31345658,-86.22700975,Brush
NRL272,37.31344937,-86.22713531,Brush
NRL273,37.31339112,-86.22778248,Brush
NRL274,37.31320982,-86.22817073,Brush
NRL275,37.31306138,-86.2283719,Brush
NRL276,37.31307646,-86.22727957,Brush
NRL277,37.31330738,-86.22872293,Brush
NRL278,37.31360662,-86.22912912,Brush
NRL279,37.3137611,-86.22927907,Brush
NRL280,37.31375263,-86.22908578,Brush
NRL281,37.31388775,-86.22925962,Brush
NRL282,37.31377208,-86.22945266,Brush
NRL283,37.31358105,-86.22987293,Plastic
NRL284,37.31356379,-86.22989556,Plastic
NRL285,37.31352976,-86.22990293,Plastic
NRL286,37.31349891,-86.22990796,Plastic
NRL287,37.31353772,-86.22995951,Plastic
NRL288,37.31352841,-86.22998131,Plastic
NRL289,37.31349019,-86.22998977,Christmas Trees
NRL290,37.31344988,-86.23001416,Plastic
NRL291,37.31350092,-86.23003067,Plastic
NRL292,37.31078,-86.131803,Plastic
NRL293,37.3109101,-86.1322962,Plastic
NRL294,37.3479,-86.12276,Plastic
NRL295,37.34781,-86.12275,Plastic
NRL296,37.3477,-86.12277,Plastic
NRL297,37.34748,-86.12283,Plastic
NRL298,37.34734,-86.12288,Plastic
NRL299,37.34723,-86.12291,Plastic
NRL300,37.34716,-86.12291,Plastic
NRL301,37.34709,-86.12292,Plastic
NRL302,37.34685,-86.12287,Plastic
NRL303,37.34677,-86.12286,Plastic
NRL304,37.34668,-86.12281,Plastic
NRL305,37.3466,-86.12274,Plastic
NRL306,37.34653,-86.1227,Plastic
NRL307,37.34643,-86.12259,Plastic
NRL-NOID-001,37.2945402,-86.216448,Brush
NRL-NOID-002,37.2947319,-86.2162979,Brush
NRL-NOID-003,37.2942601,-86.2164391,Spider Hump
NRL-NOID-004,37.2941339,-86.2164823,Spider Hump
NRL-NOID-005,37.2940777,-86.2164924,Spider Hump
NRL-NOID-006,37.2940198,-86.2165252,Spider Hump
NRL-NOID-007,37.2939806,-86.2165246,Spider Hump
NRL-NOID-008,37.294023,-86.2164498,Spider Hump
NRL-NOID-009,37.293891,-86.2165189,Spider Hump
NRL-NOID-010,37.2938219,-86.2165202,Spider Hump
NRL-NOID-011,37.2943201,-86.2160505,Spider Hump
NRL-NOID-012,37.3099669,-86.2319322,Plastic
NRL-NOID-013,37.3098602,-86.232246,Plastic
NRL-NOID-014,37.3094965,-86.2321917,Plastic
NRL-NOID-015,37.3098586,-86.2321772,Christmas Trees
NRL-NOID-016,37.3099109,-86.2321235,Christmas Trees
NRL-NOID-017,37.294316,-86.216509,Rock
NRL-NOID-018,37.293509,-86.216327,Christmas Trees
NRL-NOID-019,37.293463,-86.216286,Christmas Trees
NRL-NOID-020,37.292291,-86.216755,Christmas Trees
NRL-NOID-021,37.292454,-86.216874,Christmas Trees
NRL-NOID-022,37.2925884,-86.2169275,Christmas Trees
NRL-NOID-023,37.2927655,-86.2168873,Christmas Trees
NRL-NOID-024,37.308943,-86.231545,Christmas Trees
NRL-NOID-025,37.309379,-86.231876,Christmas Trees
NRL-NOID-026,37.309359,-86.231962,Christmas Trees
NRL-NOID-027,37.309432,-86.232033,Christmas Trees
NRL-NOID-028,37.309565,-86.232095,Christmas Trees
NRL-NOID-029,37.309573,-86.232185,Christmas Trees
NRL-NOID-030,37.309718,-86.23216,Christmas Trees
NRL-NOID-031,37.364386,-86.219277,Plastic
NRL-NOID-032,37.364311,-86.219137,Plastic
NRL-NOID-033,37.364334,-86.219075,Plastic
NRL-NOID-034,37.3643643,-86.2190664,Reef Ball
NRL-NOID-035,37.3645538,-86.2191617,Christmas Trees
NRL-NOID-036,37.297614,-86.2153138,Reef Ball
NRL-NOID-037,37.32332,-86.13369,Christmas Trees
NRL-NOID-038,37.323632,-86.132615,Christmas Trees
NRL-NOID-039,37.32363,-86.13248,Christmas Trees
NRL-NOID-040,37.32363,-86.132209,Christmas Trees
